{
  "CFG1": {
    "num_class": 40,
    "epch_start": 0,
    "start_from_config": "CFG1",
    "epch_end": 568,
    "on_batch": 2,
    "alp": [
      1e-3,
      5e-3,
      0.01,
      1
    ],
    "J_loss": {
      "SUM": 65.3737721,
      "1": 460.813049,
      "2": 62.010101,
      "3": 213.199356,
      "4": 460.813019,
      "5": 62.010101
    }
  },
  "CFG2": {
    "num_class": 40,
    "epch_start": 560,
    "start_from_config": "CFG1",
    "epch_end": 999,
    "on_batch": 2,
    "alp": [
      0.1,
      5e-3,
      0.01,
      1
    ],
    "J_loss": {
      "SUM": 53.204216,
      "1": 75.813766,
      "2": 36.890610,
      "3": 96.640060,
      "4": 75.813766,
      "5": 36.890610
    }
  },
  "CFG3": {
    "num_class": 40,
    "epch_start": 0,
    "start_from_config": "CFG3",
    "epch_end": 999,
    "on_batch": 16,
    "alp": [
      1,
      5e-3,
      0.01,
      1
    ],
    "J_loss": {
      "SUM": 476.317291,
      "1": 197.723297,
      "2": 79.657318,
      "3": 81.508232,
      "4": 197.723328,
      "5": 79.657318
    }
  }
}